Image,"Artwork Name",Description,Price
https://static.toiimg.com/imagenext/toiblogs/photo/readersblog/wp-content/uploads/2020/08/1597814870881.jpg,"Legend Of The Northen Blade","Legend Of The Northern Blade (북검전기) is a Korean novel series created by Woo-Gak. ",300
https://i.pinimg.com/564x/93/0d/5c/930d5cc3be09a6a9cd824db0265e03db.jpg,"Academy's Genuis Women","Ronan lived a wasteful life filled with regrets. A second chance befalls him at the end of his futile life. ",90
https://cdn.britannica.com/31/183031-050-8FAE6C2C/Artist-Jeanne-Sister-graphite-watercolour-paper-Edma-1872.jpg,"Return Of The Crazy Demon","The Mad Demon, Jaha Lee, dreams of becoming the God of Martial Arts ",55
https://weblinks.nationalmuseum.gov.ph/wp-content/uploads/2021/09/01121956/NMG0411_Vicente-Manansala_Calesa-1951-copy-scaled.jpg,"Ang Bahay ni Kuya","Chung Myung, The 13th Disciple of the Great Flowery Mountain Sect, One of the 3 Great Swordsmen,",99
https://i.pinimg.com/550x/6d/6c/a8/6d6ca8ce57ebe71498c8fdfc0b405893.jpg,"Girl that we all want","Chung Myung, The 13th Disciple of the Great Flowery Mountain Sect, One of the 3 Great Swordsmen,",199
https://i.pinimg.com/564x/78/94/aa/7894aa8be769241186af8c2193d5689a.jpg,"Sun And Moon Beauty","Ronan lived a wasteful life filled with regrets. A second chance befalls him at the end of his futile life. ",120
https://render.fineartamerica.com/images/rendered/search/print/8/6.5/break/images/artworkimages/medium/1/27-birds-jennifer-lommers.jpg,"Cool arts of A birds","The Mad Demon, Jaha Lee, dreams of becoming the God of Martial Arts ",55
https://encrypted-tbn0.gstatic.com/images?q=tbn:ANd9GcQgYP5p7ZcRf7AQ6Ono225Pb6sGXXQQIhCIyV0She1rIw&s,"Legend Of The Sun And Moon","Legend Of The Northern Blade (북검전기) is a Korean novel series created by Woo-Gak. ",300
https://encrypted-tbn0.gstatic.com/images?q=tbn:ANd9GcSF5v6734vme3-zFsecTwLQNaSNimhSMeYRAUb4KYGilg&s,"Cool Mountain Sketch ","Ronan lived a wasteful life filled with regrets. A second chance befalls him at the end of his futile life. ",150
